{
    "Philips Arena": [
        33.75731645,
        -84.39640497275
    ],
    "TD Garden": [
        42.3662909,
        -71.0622035798072
    ],
    "Barclays Center": [
        40.6826129,
        -73.9751107552432
    ],
    "Spectrum Center": [
        35.22506995,
        -80.8391422565562
    ],
    "United Center": [
        41.8806547,
        -87.6741641930238
    ],
    "Quicken Loans Arena": [
        41.49668535,
        -81.6884274175144
    ],
    "American Airlines Center": [
        32.7905076,
        -96.8102721346083
    ],
    "Pepsi Center": [
        39.7486838,
        -105.007544017804
    ],
    "Little Caesars Arena": [
        42.34105375,
        -83.0550633855054
    ],
    "Oracle Arena": [
        37.75027335,
        -122.202932326398
    ],
    "Toyota Center": [
        29.75074725,
        -95.3622315147709
    ],
    "Bankers Life Fieldhouse": [
        39.76481765,
        -86.1565616752072
    ],
    "Staples Center": [
        34.0430046,
        -118.267052602794
    ],
    "FedExForum": [
        35.1382115,
        -90.0506770865889
    ],
    "AmericanAirlines Arena": [
        25.78135955,
        -80.1879435162614
    ],
    "BMO Harris Bradley Center": [
        43.043679,
        -87.9171488697112
    ],
    "Target Center": [
        44.97951265,
        -93.2760950274433
    ],
    "Smoothie King Center": [
        29.94903925,
        -90.0820689958764
    ],
    "Madison Square Garden": [
        40.75046835,
        -73.9934806677497
    ],
    "Chesapeake Energy Arena": [
        35.4634696,
        -97.5150906853135
    ],
    "Amway Center": [
        28.53927385,
        -81.3840071392482
    ],
    "Wells Fargo Center": [
        39.9011004,
        -75.1720165461507
    ],
    "Talking Stick Resort Arena": [
        33.4460392,
        -112.071101296294
    ],
    "Moda Center": [
        45.53161025,
        -122.666844351237
    ],
    "Golden 1 Center": [
        38.58006915,
        -121.499525883638
    ],
    "AT&T Center": [
        29.4269867,
        -98.4375064238174
    ],
    "Air Canada Centre": [
        43.64342985,
        -79.3790594837324
    ],
    "Vivint Smart Home Arena": [
        40.76824835,
        -111.901106024067
    ],
    "Capital One Arena": [
        38.8981835,
        -77.0209381683517
    ],
    "The O2 Arena": [
        51.5029312,
        0.00319683680617706
    ],
    "Mexico City Arena": [
        19.2126621,
        -99.1811864
    ]
}
